-- phpMyAdmin SQL Dump
-- version 5.2.0
-- https://www.phpmyadmin.net/
--
-- Host: localhost:3306
-- Generation Time: Aug 13, 2024 at 04:32 PM
-- Server version: 8.0.30
-- PHP Version: 8.1.10

SET SQL_MODE = "NO_AUTO_VALUE_ON_ZERO";
START TRANSACTION;
SET time_zone = "+00:00";


/*!40101 SET @OLD_CHARACTER_SET_CLIENT=@@CHARACTER_SET_CLIENT */;
/*!40101 SET @OLD_CHARACTER_SET_RESULTS=@@CHARACTER_SET_RESULTS */;
/*!40101 SET @OLD_COLLATION_CONNECTION=@@COLLATION_CONNECTION */;
/*!40101 SET NAMES utf8mb4 */;

--
-- Database: `duan1`
--

-- --------------------------------------------------------

--
-- Table structure for table `bill`
--

CREATE TABLE `bill` (
  `id` int NOT NULL,
  `idtk` varchar(999) DEFAULT NULL,
  `billname` varchar(255) NOT NULL,
  `billdiachi` text CHARACTER SET utf8mb4 COLLATE utf8mb4_0900_ai_ci NOT NULL,
  `billsdt` varchar(50) NOT NULL,
  `billemail` varchar(255) NOT NULL,
  `billpttt` text CHARACTER SET utf8mb4 COLLATE utf8mb4_0900_ai_ci COMMENT '1.Thanh toán tại nhà',
  `ngaydathang` varchar(999) CHARACTER SET utf8mb4 COLLATE utf8mb4_0900_ai_ci DEFAULT NULL,
  `total` int NOT NULL DEFAULT '0',
  `billstatus` tinyint(1) DEFAULT '0' COMMENT '0.Đơn hàng mới 1.Đang sử lý 2.Đang giao hàng 3.Đã giao hàng',
  `id_pro` text CHARACTER SET utf8mb4 COLLATE utf8mb4_0900_ai_ci,
  `amount` varchar(255) CHARACTER SET utf8mb4 COLLATE utf8mb4_0900_ai_ci DEFAULT NULL,
  `receiven_sdt` varchar(50) DEFAULT NULL
) ENGINE=InnoDB DEFAULT CHARSET=utf8mb4 COLLATE=utf8mb4_0900_ai_ci;

--
-- Dumping data for table `bill`
--

INSERT INTO `bill` (`id`, `idtk`, `billname`, `billdiachi`, `billsdt`, `billemail`, `billpttt`, `ngaydathang`, `total`, `billstatus`, `id_pro`, `amount`, `receiven_sdt`) VALUES
(34, 'cc', 'Vũ Đức Nam', '123', '0999999999', 'vunammmm2307332004@gamil.com', 'Thanh toán tại nhà', '2024/08/13 12:33', 409441, 2, '43', '1', NULL),
(35, 'cc', 'Vũ Đức Nam', '123', '0999999999', 'vunammmm2307332004@gamil.com', 'Thanh toán tại nhà', '2024/08/13 12:33', 409441, 1, '45', '1', NULL),
(36, 'cc', 'Vũ Đức Nam', '123', '0559926567', 'vunammmm23072004@gamil.com', 'Thanh toán tại nhà', '2024/08/13 14:16', 449480, 1, '61', '1', NULL),
(37, 'cc', 'Vũ Đức Nam', '123', '0559926567', 'vunammmm23072004@gamil.com', 'Thanh toán tại nhà', '2024/08/13 14:16', 449480, 1, '57', '1', NULL);

-- --------------------------------------------------------

--
-- Table structure for table `binhluan`
--

CREATE TABLE `binhluan` (
  `id` int NOT NULL,
  `noidung` text CHARACTER SET utf8mb4 COLLATE utf8mb4_0900_ai_ci,
  `idtk` varchar(999) CHARACTER SET utf8mb4 COLLATE utf8mb4_0900_ai_ci DEFAULT NULL,
  `idpro` varchar(200) DEFAULT NULL,
  `ngaybinhluan` varchar(999) CHARACTER SET utf8mb4 COLLATE utf8mb4_0900_ai_ci DEFAULT NULL,
  `role` tinyint NOT NULL DEFAULT '0'
) ENGINE=InnoDB DEFAULT CHARSET=utf8mb4 COLLATE=utf8mb4_0900_ai_ci;

--
-- Dumping data for table `binhluan`
--

INSERT INTO `binhluan` (`id`, `noidung`, `idtk`, `idpro`, `ngaybinhluan`, `role`) VALUES
(11, 'sftgjwrtyjw n ', 'Vũ Đức Nam', '33', '2024-08-09   ', 0),
(12, 'abc', 'Vũ Đức Nam', '31', '2024-08-09   ', 0),
(13, '1111', 'Vũ Đức Nam', '33', '2024-08-10   ', 0),
(14, '1aeee', 'Vũ Đức Nam', '33', '2024-08-10   ', 0),
(15, '1aeee', 'Vũ Đức Nam', '33', '2024-08-10   ', 0),
(16, '1', 'Vũ Đức Namdddd', '32', '2024-08-10   ', 0),
(17, '1', 'Vũ Đức Namdddd', '32', '2024-08-10   ', 0),
(18, 'ăeeẮEQWEQ', 'Nguyễn Bình Sơn', '46', '2024-08-13', 0);

-- --------------------------------------------------------

--
-- Table structure for table `danhmuc`
--

CREATE TABLE `danhmuc` (
  `id` int NOT NULL,
  `tendanhmuc` varchar(999) CHARACTER SET utf8mb4 COLLATE utf8mb4_0900_ai_ci NOT NULL,
  `role` tinyint NOT NULL DEFAULT '0'
) ENGINE=InnoDB DEFAULT CHARSET=utf8mb4 COLLATE=utf8mb4_0900_ai_ci;

--
-- Dumping data for table `danhmuc`
--

INSERT INTO `danhmuc` (`id`, `tendanhmuc`, `role`) VALUES
(26, 'Áo Bóng Đá', 0),
(27, 'Áo Bóng Bàn', 0),
(28, 'Áo Cầu Lông', 0),
(29, 'Áo Bóng Chuyền', 0),
(30, 'Áo Polo', 0),
(31, 'Pickleball', 0);

-- --------------------------------------------------------

--
-- Table structure for table `giohang`
--

CREATE TABLE `giohang` (
  `id` int NOT NULL,
  `id_product` text,
  `amount` text,
  `username` text
) ENGINE=InnoDB DEFAULT CHARSET=utf8mb4 COLLATE=utf8mb4_0900_ai_ci;

--
-- Dumping data for table `giohang`
--

INSERT INTO `giohang` (`id`, `id_product`, `amount`, `username`) VALUES
(47, '33', '2', ''),
(54, '32', '2', '');

-- --------------------------------------------------------

--
-- Table structure for table `sanpham`
--

CREATE TABLE `sanpham` (
  `id` int NOT NULL,
  `tensp` varchar(255) NOT NULL,
  `gia` double(10,2) DEFAULT '0.00',
  `image` varchar(255) DEFAULT NULL,
  `soLuong` int NOT NULL,
  `mota` text,
  `luotxem` int DEFAULT '0',
  `iddanhmuc` int NOT NULL
) ENGINE=InnoDB DEFAULT CHARSET=utf8mb4 COLLATE=utf8mb4_0900_ai_ci;

--
-- Dumping data for table `sanpham`
--

INSERT INTO `sanpham` (`id`, `tensp`, `gia`, `image`, `soLuong`, `mota`, `luotxem`, `iddanhmuc`) VALUES
(41, 'Áo polo Kamito Victory', 199000.00, 'polo1.jpg', 120, '                                                               ', 0, 30),
(42, 'Áo polo Essentials', 199000.00, 'polo2.jpg', 100, '', 0, 30),
(43, 'ÁO POLO RACER', 74700.00, 'polo3.jpg', 100, '', 0, 30),
(44, 'Áo Bóng Chuyền Nam Kamito Blocker', 179000.00, 'bc1.jpg', 200, '', 0, 29),
(46, 'Áo bóng chuyền Kamito Blocker nữ', 179000.00, 'bc2.jpg', 200, '', 0, 29),
(47, 'Áo thi đấu cầu lông đội Lâm Đồng SKU: KMAH240680.XS', 229000.00, 'cl1.jpg', 150, '', 0, 28),
(48, 'Áo thi đấu cầu lông đội Hà Nội', 229000.00, 'cl2.jpg', 150, '', 0, 28),
(49, 'Áo cầu lông nữ Kamito Hanabi', 179000.00, 'cl3.jpg', 150, '', 0, 28),
(50, 'Áo bóng bàn Kamito Champion Nam', 289000.00, 'bb1.jpg', 200, '', 0, 27),
(51, 'Áo bóng bàn Kamito Haki Nam', 289000.00, 'bb2.jpg', 200, '', 0, 27),
(52, 'Áo thi đấu thể thao HM', 189000.00, 'bb3.jpg', 100, '', 0, 27),
(53, 'Áo thi đấu bóng đá CAHN 2024', 399000.00, 'bd1.jpg', 100, '', 0, 26),
(54, 'Áo thi đấu bóng đá HAGL 2024', 399000.00, 'bd2.jpg', 100, '', 0, 26),
(55, 'Bộ quần áo bóng đá Kamito The Three Lions 2004', 299000.00, 'bd3.jpg', 100, '', 0, 26),
(56, 'ÁO POLO NAM HALLEY', 90000.00, 'polo4.jpg', 999, '<p style=\"margin-right: 0px; margin-bottom: 10px; margin-left: 0px; padding: 0px; font-family: Quicksand, sans-serif; line-height: 21px; max-width: 100%; color: rgb(37, 42, 43); font-size: 14px; background-color: rgb(255, 255, 255);\"><span style=\"margin: 0px; padding: 0px; max-width: 100%; font-size: 15px;\">Những mẫu áo T-Shirt và Polo rất phổ biến với người chơi thể thao trên toàn Thế Giới. Vậy phiên bản kết hợp của hai mẫu áo đó thì sẽ như thế nào?&nbsp;</span></p><p style=\"margin-right: 0px; margin-bottom: 10px; margin-left: 0px; padding: 0px; font-family: Quicksand, sans-serif; line-height: 21px; max-width: 100%; color: rgb(37, 42, 43); font-size: 14px; background-color: rgb(255, 255, 255);\"><span style=\"margin: 0px; padding: 0px; max-width: 100%; font-size: 15px;\">Kamito xin giới thiệu tới các bạn mẫu áo Halley – một sản phẩm kết hợp độc đáo giữa T-Shirt và Polo với rất nhiều ưu điểm nổi bật:&nbsp;</span></p><p style=\"margin-right: 0px; margin-bottom: 10px; margin-left: 0px; padding: 0px; font-family: Quicksand, sans-serif; line-height: 21px; max-width: 100%; color: rgb(37, 42, 43); font-size: 14px; background-color: rgb(255, 255, 255); text-align: center;\"><img src=\"https://file.hstatic.net/1000341630/file/halyy_19400fda35b04544a7d84a69ebf5102b.jpg\" style=\"margin: 0px; padding: 0px; border: 0px; max-width: 100%;\"></p><p style=\"margin-right: 0px; margin-bottom: 10px; margin-left: 0px; padding: 0px; font-family: Quicksand, sans-serif; line-height: 21px; max-width: 100%; color: rgb(37, 42, 43); font-size: 14px; background-color: rgb(255, 255, 255);\"><span style=\"margin: 0px; padding: 0px; max-width: 100%; font-size: 15px;\">&gt; Thiết kế với cổ bẻ kết hợp với cổ áo T-Shirt, tạo nên chiếc áo vô cùng tinh tế và độc đáo.&nbsp;</span></p><p style=\"margin-right: 0px; margin-bottom: 10px; margin-left: 0px; padding: 0px; font-family: Quicksand, sans-serif; line-height: 21px; max-width: 100%; color: rgb(37, 42, 43); font-size: 14px; background-color: rgb(255, 255, 255);\"><span style=\"margin: 0px; padding: 0px; max-width: 100%; font-size: 15px;\">&gt; 5 màu sắc rực rỡ và thời thượng, bạn có thể dễ dàng lựa chọn theo phong cách của mình.&nbsp;&nbsp;</span></p><p style=\"margin-right: 0px; margin-bottom: 10px; margin-left: 0px; padding: 0px; font-family: Quicksand, sans-serif; line-height: 21px; max-width: 100%; color: rgb(37, 42, 43); font-size: 14px; background-color: rgb(255, 255, 255);\"><span style=\"margin: 0px; padding: 0px; max-width: 100%; font-size: 15px;\">&gt; Có thể sử dụng áo cho nhiều bộ môn thể thao như: chạy bộ, cầu lông, bóng bàn, tennis...&nbsp;&nbsp;</span></p><p style=\"margin-right: 0px; margin-bottom: 10px; margin-left: 0px; padding: 0px; font-family: Quicksand, sans-serif; line-height: 21px; max-width: 100%; color: rgb(37, 42, 43); font-size: 14px; background-color: rgb(255, 255, 255);\"><span style=\"margin: 0px; padding: 0px; max-width: 100%; font-size: 15px;\">&gt; Được làm từ 95% Polyester và 5% Spandex giúp áo có độ bền ấn tượng và co giãn tốt, đáp ứng tốt nhu cầu sử dụng để chơi thể thao với cường độ cao.&nbsp;&nbsp;</span></p><p style=\"margin-right: 0px; margin-bottom: 10px; margin-left: 0px; padding: 0px; font-family: Quicksand, sans-serif; line-height: 21px; max-width: 100%; color: rgb(37, 42, 43); font-size: 14px; background-color: rgb(255, 255, 255);\"><span style=\"margin: 0px; padding: 0px; max-width: 100%; font-size: 15px;\">&gt; Áp dụng công nghệ Moisture-Wicking cùng bề mặt vải có nhiều lỗ thoáng khí, giúp những chiếc áo T-shirt Kamito có khả năng hút ẩm cao và bay hơi nhanh. Người mặc sẽ luôn cảm thấy nhẹ nhàng và khô thoáng, hạn chế những mùi phát sinh trong quá trình vận động.&nbsp;&nbsp;</span></p><p style=\"margin-right: 0px; margin-bottom: 10px; margin-left: 0px; padding: 0px; font-family: Quicksand, sans-serif; line-height: 21px; max-width: 100%; color: rgb(37, 42, 43); font-size: 14px; background-color: rgb(255, 255, 255);\"><span style=\"margin: 0px; padding: 0px; max-width: 100%; font-size: 15px;\">&gt; An toàn cho người tiêu dùng, được chứng nhận bởi Viện Dệt may Việt Nam, không chứa các chất gây hại cho sức khỏe, vượt qua các thử nghiệm trong lồng giặt công suất cao, đảm bảo sự bền bỉ của từng sợi vải.&nbsp;</span></p><p style=\"margin-right: 0px; margin-bottom: 10px; margin-left: 0px; padding: 0px; font-family: Quicksand, sans-serif; line-height: 21px; max-width: 100%; color: rgb(37, 42, 43); font-size: 14px; background-color: rgb(255, 255, 255); text-align: center;\"><img src=\"https://file.hstatic.net/1000341630/file/ao_halley_size_20a6d1f0ceb343ab9d69ebba884a6f38.jpg\" style=\"margin: 0px; padding: 0px; border: 0px; max-width: 100%;\"></p><p style=\"margin-right: 0px; margin-bottom: 10px; margin-left: 0px; padding: 0px; font-family: Quicksand, sans-serif; line-height: 21px; max-width: 100%; color: rgb(37, 42, 43); font-size: 14px; background-color: rgb(255, 255, 255);\">&nbsp;</p>', 0, 30),
(57, 'Áo bóng chuyền Kamito Libero Nam', 90000.00, 'bc3.jpg', 999, '<p style=\"margin-right: 0px; margin-bottom: 10px; margin-left: 0px; padding: 0px; font-family: Quicksand, sans-serif; line-height: 21px; max-width: 100%; color: rgb(37, 42, 43); font-size: 14px; background-color: rgb(255, 255, 255);\"><span style=\"margin: 0px; padding: 0px; max-width: 100%; font-size: 16px;\">Bộ quần áo bóng chuyền Kamito Libero nam nữ, tôn dáng, thoáng mát, mềm mại</span></p><p style=\"margin-right: 0px; margin-bottom: 10px; margin-left: 0px; padding: 0px; font-family: Quicksand, sans-serif; line-height: 21px; max-width: 100%; color: rgb(37, 42, 43); font-size: 14px; background-color: rgb(255, 255, 255);\"><span style=\"margin: 0px; padding: 0px; max-width: 100%; font-size: 16px;\">Bộ quần áo bóng chuyền Kamito Libero sở hữu thiết kế bắt mắt do lấy cảm hứng từ mặt trời, với những vệt sáng được in uốn lượn ở mặt thân trước. Form áo tôn dáng, chất liệu vải thấm hút mồ hôi tốt, mang đến sự thoải mái tối đa cho người mặc.</span></p><h1 style=\"margin-right: 0px; margin-bottom: 13px; margin-left: 0px; padding: 0px; font-family: Quicksand, sans-serif; font-size: 36px; font-weight: 500; color: rgb(37, 42, 43); max-width: 100%; background-color: rgb(255, 255, 255);\"><span style=\"margin: 0px; padding: 0px; font-weight: 700; max-width: 100%;\"><span style=\"margin: 0px; padding: 0px; max-width: 100%; font-size: 18px;\">1/ ƯU ĐIỂM NỔI BẬT BỘ QUẦN ÁO BÓNG CHUYỀN KAMITO LIBERO</span></span></h1><p style=\"margin-right: 0px; margin-bottom: 10px; margin-left: 0px; padding: 0px; font-family: Quicksand, sans-serif; line-height: 21px; max-width: 100%; color: rgb(37, 42, 43); font-size: 14px; background-color: rgb(255, 255, 255);\"><span style=\"margin: 0px; padding: 0px; max-width: 100%; font-size: 16px;\">- Chất liệu vải 100% poly L10 cao cấp, bộ quần áo bóng chuyền Kamito Libero đem lại cảm giác mỏng nhẹ, thoáng mát và khả năng chống nhăn vượt trội.</span></p><p style=\"margin-right: 0px; margin-bottom: 10px; margin-left: 0px; padding: 0px; font-family: Quicksand, sans-serif; line-height: 21px; max-width: 100%; color: rgb(37, 42, 43); font-size: 14px; background-color: rgb(255, 255, 255);\"><span style=\"margin: 0px; padding: 0px; max-width: 100%; font-size: 16px;\">- Sự kết hợp giữa thiết kế cổ tim hiện đại và bo tay được in màu sắc tinh tế không chỉ tôn lên vẻ đẹp tự nhiên của đôi vai mà còn tăng cường sự linh hoạt cho mọi cử động của bạn, mang lại trải nghiệm trọn vẹn trên sân đấu.<br style=\"margin: 0px; padding: 0px; max-width: 100%;\">- Logo Kamito in nổi bật trên ngực áo phía trước kèm tag độc quyền của hãng ở tà áo trái. Ngoài ra, sản phẩm còn được đính tem chính hãng ở phần cổ và bên trong thân áo.<br style=\"margin: 0px; padding: 0px; max-width: 100%;\">- Thiết kế đơn giản của quần với logo hãng được in ở ống quần bên trái, cùng đường line chạy dọc hai bên đồng màu với áo, tạo điểm nhấn hài hòa cho bộ quần áo bóng chuyền Kamito Libero.<br style=\"margin: 0px; padding: 0px; max-width: 100%;\">- Cạp quần được may chắc chắn với độ rộng 4cm cùng dây luồn chéo lỗ khuyết ở mặt trong, giúp người mặc dễ dàng điều chỉnh độ vừa vặn.</span></p><h1 style=\"margin-right: 0px; margin-bottom: 13px; margin-left: 0px; padding: 0px; font-family: Quicksand, sans-serif; font-size: 36px; font-weight: 500; color: rgb(37, 42, 43); max-width: 100%; background-color: rgb(255, 255, 255);\"><span style=\"margin: 0px; padding: 0px; max-width: 100%; font-size: 18px;\"><span style=\"margin: 0px; padding: 0px; font-weight: 700; max-width: 100%;\">2/ THÔNG TIN SẢN PHẨM BỘ QUẦN ÁO BÓNG CHUYỀN KAMITO LIBERO</span></span></h1><p style=\"margin-right: 0px; margin-bottom: 10px; margin-left: 0px; padding: 0px; font-family: Quicksand, sans-serif; line-height: 21px; max-width: 100%; color: rgb(37, 42, 43); font-size: 14px; background-color: rgb(255, 255, 255);\"><span style=\"margin: 0px; padding: 0px; max-width: 100%; font-size: 16px;\">- Tên sản phẩm: Bộ quần áo bóng chuyền Kamito Libero.<br style=\"margin: 0px; padding: 0px; max-width: 100%;\">- Thương hiệu: Kamito.</span></p><h1 style=\"margin-right: 0px; margin-bottom: 13px; margin-left: 0px; padding: 0px; font-family: Quicksand, sans-serif; font-size: 36px; font-weight: 500; color: rgb(37, 42, 43); max-width: 100%; background-color: rgb(255, 255, 255);\"><span style=\"margin: 0px; padding: 0px; max-width: 100%; font-size: 18px;\"><span style=\"margin: 0px; padding: 0px; font-weight: 700; max-width: 100%;\">3/ BẢNG SIZE BỘ QUẦN ÁO BÓNG CHUYỀN KAMITO LIBERO</span></span></h1><p style=\"margin-right: 0px; margin-bottom: 10px; margin-left: 0px; padding: 0px; font-family: Quicksand, sans-serif; line-height: 21px; max-width: 100%; color: rgb(37, 42, 43); font-size: 14px; background-color: rgb(255, 255, 255);\"><img alt=\"Bảng size quần áo bóng chuyền Kamito Libero Nam\" src=\"https://file.hstatic.net/1000341630/file/bang_size_quan_ao_bong_chuyen_kamito_libero_nam_555b7bb2ea1b49bb9d123bc0273643f6.jpg\" style=\"margin: 0px; padding: 0px; border: 0px; max-width: 100%;\"></p><h2 style=\"margin-right: 0px; margin-bottom: 13px; margin-left: 0px; padding: 0px; font-family: Quicksand, sans-serif; font-weight: 700; color: rgb(37, 42, 43); font-size: 14px; max-width: 100%; background-color: rgb(255, 255, 255);\"><span style=\"margin: 0px; padding: 0px; max-width: 100%; font-size: 18px;\">4/ HƯỚNG DẪN BẢO QUẢN BỘ QUẦN ÁO BÓNG CHUYỀN KAMITO LIBERO</span></h2><p style=\"margin-right: 0px; margin-bottom: 10px; margin-left: 0px; padding: 0px; font-family: Quicksand, sans-serif; line-height: 21px; max-width: 100%; color: rgb(37, 42, 43); font-size: 14px; background-color: rgb(255, 255, 255);\"><span style=\"margin: 0px; padding: 0px; max-width: 100%; font-size: 16px;\">- Không giặt sản phẩm chung với nhiều màu quần áo khác nhau.<br style=\"margin: 0px; padding: 0px; max-width: 100%;\">- Hạn chế ngâm quần áo trong nước quá lâu cùng những quần áo khác màu.</span></p><p style=\"margin-right: 0px; margin-bottom: 10px; margin-left: 0px; padding: 0px; font-family: Quicksand, sans-serif; line-height: 21px; max-width: 100%; color: rgb(37, 42, 43); font-size: 14px; background-color: rgb(255, 255, 255);\"><span style=\"margin: 0px; padding: 0px; max-width: 100%; font-size: 16px;\">- Hạn chế dùng thuốc tẩy hay bàn chải chà sát lên bề mặt của sản phẩm.</span></p><p style=\"margin-right: 0px; margin-bottom: 10px; margin-left: 0px; padding: 0px; font-family: Quicksand, sans-serif; line-height: 21px; max-width: 100%; color: rgb(37, 42, 43); font-size: 14px; background-color: rgb(255, 255, 255);\"><span style=\"margin: 0px; padding: 0px; max-width: 100%; font-size: 16px;\">- Lộn trái sản phẩm, không để</span><span style=\"margin: 0px; padding: 0px; max-width: 100%; font-size: 16px;\">&nbsp;nhiệt quá cao khi là (ủi) sản phẩm.</span></p><h2 style=\"margin-right: 0px; margin-bottom: 13px; margin-left: 0px; padding: 0px; font-family: Quicksand, sans-serif; font-weight: 700; color: rgb(37, 42, 43); font-size: 14px; max-width: 100%; background-color: rgb(255, 255, 255);\"><span style=\"margin: 0px; padding: 0px; max-width: 100%; font-size: 18px;\">5/ GIỚI THIỆU VỀ KAMITO</span></h2><p style=\"margin-right: 0px; margin-bottom: 10px; margin-left: 0px; padding: 0px; font-family: Quicksand, sans-serif; line-height: 21px; max-width: 100%; color: rgb(37, 42, 43); font-size: 14px; background-color: rgb(255, 255, 255);\"><span style=\"margin: 0px; padding: 0px; max-width: 100%; font-size: 16px;\">Kamito là thương hiệu thể thao Việt Nam được thành lập vào 2018, chuyên cung cấp các sản phẩm thể thao với công nghệ Nhật Bản đến tới tận tay người tiêu dùng Việt.</span></p><p style=\"margin-right: 0px; margin-bottom: 10px; margin-left: 0px; padding: 0px; font-family: Quicksand, sans-serif; line-height: 21px; max-width: 100%; color: rgb(37, 42, 43); font-size: 14px; background-color: rgb(255, 255, 255);\"><span style=\"margin: 0px; padding: 0px; max-width: 100%; font-size: 16px;\">Hiện nay, Kamito sản xuất và cung cấp các dụng cụ thể thao trong các bộ môn: bóng đá, cầu lông, bóng bàn,... cùng nhiều phụ kiện, đồ thể thao khác.</span></p><p style=\"margin-right: 0px; margin-bottom: 10px; margin-left: 0px; padding: 0px; font-family: Quicksand, sans-serif; line-height: 21px; max-width: 100%; color: rgb(37, 42, 43); font-size: 14px; background-color: rgb(255, 255, 255);\"><span style=\"margin: 0px; padding: 0px; max-width: 100%; font-size: 16px;\">Thương hiệu Kamito được các cầu thủ nổi tiếng tin dùng như: Quang Hải, Nguyễn Tuấn Anh, Hà Đức Chinh, Nghiêm Xuân Tú,... Bên cạnh đó, Kamito còn được các nghệ sĩ ưa chuộng sử dụng: Huy Khánh, Trung Ruồi, Duy Nam, Dũng Hớn, Đỗ Chí Huy…</span></p><p style=\"margin-right: 0px; margin-bottom: 10px; margin-left: 0px; padding: 0px; font-family: Quicksand, sans-serif; line-height: 21px; max-width: 100%; color: rgb(37, 42, 43); font-size: 14px; background-color: rgb(255, 255, 255);\"><span style=\"margin: 0px; padding: 0px; max-width: 100%; font-size: 16px;\">Shopee Mall: Kamito Official Store do Công Ty Cổ Phần Midomax Việt Nam phân phối độc quyền tại Việt Nam nhằm phục vụ tất cả người yêu thể thao trên toàn quốc.</span></p><p style=\"margin-right: 0px; margin-bottom: 10px; margin-left: 0px; padding: 0px; font-family: Quicksand, sans-serif; line-height: 21px; max-width: 100%; color: rgb(37, 42, 43); font-size: 14px; background-color: rgb(255, 255, 255);\"><span style=\"margin: 0px; padding: 0px; max-width: 100%; font-size: 16px;\">#kamito #quanaobongchuyen #aobongchuyennu #aobongchuyennam #aobongchuyenkamito #trangphucbongchuyenkamito #dobongchuyenkamito #boquanaobongchuyenkamitolibero #dobongchuyennu #dobongchuyennam #aodanhbongchuyen #quandanhbongchuyen #bobongchuyennam #bobongchuyennu #aothunbongchuyen #quanaobongchuyenkamitolibero #quanaobongchuyenkamitolibero</span></p>', 0, 30),
(58, 'Bộ bóng chuyền Spiker Nam', 90000.00, 'bc4.jpg', 999, '<h1 style=\"margin-right: 0px; margin-bottom: 13px; margin-left: 0px; padding: 0px; font-family: Quicksand, sans-serif; font-size: 36px; font-weight: 500; color: rgb(37, 42, 43); max-width: 100%; background-color: rgb(255, 255, 255); text-align: center;\"><span style=\"margin: 0px; padding: 0px; max-width: 100%; font-size: 24px;\"><span style=\"margin: 0px; padding: 0px; font-weight: 700; max-width: 100%;\">BỘ QUẦN ÁO BÓNG CHUYỀN KAMITO SPIKER - HÀO QUANG NGƯỜI DẪN ĐẦU</span></span></h1><p style=\"margin-right: 0px; margin-bottom: 10px; margin-left: 0px; padding: 0px; font-family: Quicksand, sans-serif; line-height: 21px; max-width: 100%; color: rgb(37, 42, 43); font-size: 14px; background-color: rgb(255, 255, 255);\"><span style=\"margin: 0px; padding: 0px; max-width: 100%; font-size: 16px;\">Bộ quần áo bóng chuyền Kamito Spiker đón đầu xu hướng gradient trong thiết kế, tạo nên dấu ấn độc đáo và góp phần làm nổi bật phong thái tự tin, khỏe khoắn của người chơi. Sản phẩm sở hữu chất liệu vải Polyester co giãn tốt, mềm nhẹ, thoát ẩm nhanh giúp người mặc luôn cảm thấy thoải mái, dễ chịu.</span></p><h2 style=\"margin-right: 0px; margin-bottom: 13px; margin-left: 0px; padding: 0px; font-family: Quicksand, sans-serif; font-weight: 700; color: rgb(37, 42, 43); font-size: 14px; max-width: 100%; background-color: rgb(255, 255, 255);\"><span style=\"margin: 0px; padding: 0px; max-width: 100%; font-size: 18px;\">1/ ƯU ĐIỂM NỔI BẬT BỘ QUẦN ÁO BÓNG CHUYỀN KAMITO SPIKER</span></h2><p style=\"margin-right: 0px; margin-bottom: 10px; margin-left: 0px; padding: 0px; font-family: Quicksand, sans-serif; line-height: 21px; max-width: 100%; color: rgb(37, 42, 43); font-size: 14px; background-color: rgb(255, 255, 255);\"><span style=\"margin: 0px; padding: 0px; max-width: 100%; font-size: 16px;\">- Chất liệu vải 100% poly L10 cao cấp, bộ quần áo bóng chuyền Kamito Spiker đem lại cảm giác mỏng nhẹ, thoáng mát và khả năng chống nhăn vượt trội.</span></p><p style=\"margin-right: 0px; margin-bottom: 10px; margin-left: 0px; padding: 0px; font-family: Quicksand, sans-serif; line-height: 21px; max-width: 100%; color: rgb(37, 42, 43); font-size: 14px; background-color: rgb(255, 255, 255);\"><span style=\"margin: 0px; padding: 0px; max-width: 100%; font-size: 16px;\">- Bề mặt vải có nhiều lỗ thoáng khí, gia tăng khả năng hút ẩm cao và bay hơi nhanh. bộ quần áo bóng chuyền Kamito Spiker mang đến cảm giác nhẹ nhàng và khô thoáng, hạn chế để lại mùi trong quá trình tập luyện, thi đấu.</span></p><p style=\"margin-right: 0px; margin-bottom: 10px; margin-left: 0px; padding: 0px; font-family: Quicksand, sans-serif; line-height: 21px; max-width: 100%; color: rgb(37, 42, 43); font-size: 14px; background-color: rgb(255, 255, 255);\"><span style=\"margin: 0px; padding: 0px; max-width: 100%; font-size: 16px;\">- Sự kết hợp giữa thiết kế cổ tim hiện đại và bo tay được in màu sắc tinh tế không chỉ tôn lên vẻ đẹp tự nhiên của đôi vai mà còn tăng cường sự linh hoạt cho mọi cử động của bạn, mang lại trải nghiệm trọn vẹn trên sân đấu.</span></p><p style=\"margin-right: 0px; margin-bottom: 10px; margin-left: 0px; padding: 0px; font-family: Quicksand, sans-serif; line-height: 21px; max-width: 100%; color: rgb(37, 42, 43); font-size: 14px; background-color: rgb(255, 255, 255);\"><span style=\"margin: 0px; padding: 0px; max-width: 100%; font-size: 16px;\">- Họa tiết tối giản với vân sáng hiệu ứng “gradient” chuyển màu mượt mà ở mặt trước của áo.</span></p><p style=\"margin-right: 0px; margin-bottom: 10px; margin-left: 0px; padding: 0px; font-family: Quicksand, sans-serif; line-height: 21px; max-width: 100%; color: rgb(37, 42, 43); font-size: 14px; background-color: rgb(255, 255, 255);\"><span style=\"margin: 0px; padding: 0px; max-width: 100%; font-size: 16px;\">- Logo Kamito in nổi bật trên cổ áo và ngực áo phía trước kèm tag độc quyền của hãng ở tà áo trái.</span></p><p style=\"margin-right: 0px; margin-bottom: 10px; margin-left: 0px; padding: 0px; font-family: Quicksand, sans-serif; line-height: 21px; max-width: 100%; color: rgb(37, 42, 43); font-size: 14px; background-color: rgb(255, 255, 255);\"><span style=\"margin: 0px; padding: 0px; max-width: 100%; font-size: 16px;\">- Quần được thiết kế nổi bật với hoạ tiết màu đối xứng hai bên ống quần, kết hợp logo Kamito được in bên trái.</span></p><p style=\"margin-right: 0px; margin-bottom: 10px; margin-left: 0px; padding: 0px; font-family: Quicksand, sans-serif; line-height: 21px; max-width: 100%; color: rgb(37, 42, 43); font-size: 14px; background-color: rgb(255, 255, 255);\"><span style=\"margin: 0px; padding: 0px; max-width: 100%; font-size: 16px;\">- Cạp quần được may chắc chắn với độ rộng 4cm cùng dây luồn chéo lỗ khuyết ở mặt trong, giúp người mặc dễ dàng điều chỉnh độ vừa vặn.</span></p><h2 style=\"margin-right: 0px; margin-bottom: 13px; margin-left: 0px; padding: 0px; font-family: Quicksand, sans-serif; font-weight: 700; color: rgb(37, 42, 43); font-size: 14px; max-width: 100%; background-color: rgb(255, 255, 255);\"><span style=\"margin: 0px; padding: 0px; max-width: 100%; font-size: 18px;\">2/ BẢNG SIZE BỘ QUẦN ÁO BÓNG CHUYỀN KAMITO SPIKER</span></h2><div style=\"margin: 0px; padding: 0px; font-family: Quicksand, sans-serif; max-width: 100%; color: rgb(37, 42, 43); font-size: 14px; background-color: rgb(255, 255, 255);\"><p style=\"margin-right: 0px; margin-bottom: 10px; margin-left: 0px; padding: 0px; line-height: 21px; max-width: 100%; text-align: center;\"><img src=\"https://file.hstatic.net/1000341630/file/artboard_1_1.25x_190b82bf4dbf4dfc9dda1f11b3fb92ac.png\" alt=\"BỘ QUẦN ÁO BÓNG CHUYỀN NAM&nbsp;KAMITO SPIKER\" style=\"margin: 0px; padding: 0px; border: 0px; max-width: 100%;\"></p></div>', 0, 29),
(59, 'ÁO THỂ THAO KAMITO EVERYDAY V3', 350000.00, 'pp1.jpg', 234, '<h1 style=\"margin-right: 0px; margin-bottom: 13px; margin-left: 0px; padding: 0px; font-family: Quicksand, sans-serif; font-size: 36px; font-weight: 500; color: rgb(37, 42, 43); max-width: 100%; background-color: rgb(255, 255, 255);\"><span style=\"margin: 0px; padding: 0px; max-width: 100%; font-size: 24px;\"><span style=\"margin: 0px; padding: 0px; font-weight: 700; max-width: 100%;\">Áo thể thao Pickleball Kamito Everyday V3, cổ polo, thoáng khí, tôn dáng, vải mềm mại, thấm hút nhanh</span></span></h1><p style=\"margin-right: 0px; margin-bottom: 10px; margin-left: 0px; padding: 0px; font-family: Quicksand, sans-serif; line-height: 21px; max-width: 100%; color: rgb(37, 42, 43); font-size: 14px; background-color: rgb(255, 255, 255);\"><span style=\"margin: 0px; padding: 0px; max-width: 100%; font-size: 16px;\">Pickleball là môn thể thao kết hợp giữa tennis, bóng bàn và cầu lông, ra đời vào những năm 1960 tại Mỹ. Với lối chơi nhanh, linh hoạt và đầy kịch tính, Pickleball không chỉ thu hút người chơi ở mọi lứa tuổi mà còn trở thành môn thể thao lý tưởng để rèn luyện sức khỏe và gắn kết cộng đồng. Nhằm đáp ứng nhu cầu ngày càng cao của những người đam mê Pickleball, Kamito đã phát triển dòng sản phẩm áo thể thao Pickleball Kamito Everyday V3, mang đến sự hỗ trợ tối đa cho người mặc trong từng chuyển động trên sân.<br style=\"margin: 0px; padding: 0px; max-width: 100%;\">Áo thể thao Pickleball Kamito Everyday V3 có khả năng thoát ẩm tốt, chất liệu vải cao cấp, thấm hút nhanh. Dù vận động thể thao hay đơn giản chỉ mặc ở nhà, áo thể thao Pickleball Kamito Everyday V3 đều mang đến người mặc sự thoải mái vượt trội.</span></p><h2 style=\"margin-right: 0px; margin-bottom: 13px; margin-left: 0px; padding: 0px; font-family: Quicksand, sans-serif; font-weight: 700; color: rgb(37, 42, 43); font-size: 14px; max-width: 100%; background-color: rgb(255, 255, 255);\"><span style=\"margin: 0px; padding: 0px; max-width: 100%; font-size: 18px;\">1. ƯU ĐIỂM NỔI BẬT ÁO THỂ THAO PICKLEBALL KAMITO EVERYDAY V3</span></h2><p style=\"margin-right: 0px; margin-bottom: 10px; margin-left: 0px; padding: 0px; font-family: Quicksand, sans-serif; line-height: 21px; max-width: 100%; color: rgb(37, 42, 43); font-size: 14px; background-color: rgb(255, 255, 255);\"><span style=\"margin: 0px; padding: 0px; max-width: 100%; font-size: 16px;\">- Chất liệu: Áo thể thao Pickleball Kamito Everyday V3 sử dụng chất liệu 95% poly và 5% spandex, có độ co giãn tốt, bề mặt vải dệt vân thoáng khí, đảm bảo khả năng hút ẩm và thoát hơi tối ưu, giúp người mặc luôn cảm thấy khô ráo và thoải mái, ngay cả trong những hoạt động thể thao cường độ cao.</span></p><p style=\"margin-right: 0px; margin-bottom: 10px; margin-left: 0px; padding: 0px; font-family: Quicksand, sans-serif; line-height: 21px; max-width: 100%; color: rgb(37, 42, 43); font-size: 14px; background-color: rgb(255, 255, 255);\"><span style=\"margin: 0px; padding: 0px; max-width: 100%; font-size: 16px;\">- Thiết kế: Áo thể thao Pickleball Kamito Everyday V3 có cổ polo hiện đại cùng phom dáng regular fit, tay thường mang lại sự thoải mái tối đa và không gây hạn chế khi vận động. Logo Kamito nổi bật trên ngực áo, kết hợp với logo ở hai cầu vai, tạo nên điểm nhấn riêng biệt và khẳng định thương hiệu.</span></p><p style=\"margin-right: 0px; margin-bottom: 10px; margin-left: 0px; padding: 0px; font-family: Quicksand, sans-serif; line-height: 21px; max-width: 100%; color: rgb(37, 42, 43); font-size: 14px; background-color: rgb(255, 255, 255);\"><span style=\"margin: 0px; padding: 0px; max-width: 100%; font-size: 16px;\">- Họa tiết: Thân trước áo thể thao Pickleball Kamito Everyday V3 in họa tiết hình học, được sắp xếp một cách khéo léo để tạo sự khỏe khoắn cho người mặc. Những mảng màu sắc tươi sáng và đa dạng không chỉ giúp người mặc nổi bật trên sân mà còn thể hiện tinh thần thể thao đầy nhiệt huyết và sáng tạo.</span></p><h2 style=\"margin-right: 0px; margin-bottom: 13px; margin-left: 0px; padding: 0px; font-family: Quicksand, sans-serif; font-weight: 700; color: rgb(37, 42, 43); font-size: 14px; max-width: 100%; background-color: rgb(255, 255, 255);\"><span style=\"margin: 0px; padding: 0px; max-width: 100%; font-size: 18px;\">2/ BẢNG SIZE ÁO THỂ THAO PICKLEBALL KAMITO EVERYDAY V3</span></h2><p style=\"margin-right: 0px; margin-bottom: 10px; margin-left: 0px; padding: 0px; font-family: Quicksand, sans-serif; line-height: 21px; max-width: 100%; color: rgb(37, 42, 43); font-size: 14px; background-color: rgb(255, 255, 255);\"><span style=\"margin: 0px; padding: 0px; max-width: 100%; font-size: 16px;\">Tham khảo kích thước áo thể thao Pickleball Kamito Everyday V3.</span></p><p style=\"margin-right: 0px; margin-bottom: 10px; margin-left: 0px; padding: 0px; font-family: Quicksand, sans-serif; line-height: 21px; max-width: 100%; color: rgb(37, 42, 43); font-size: 14px; background-color: rgb(255, 255, 255);\"><img alt=\"BẢNG SIZE ÁO THỂ THAO PICKLEBALL KAMITO EVERYDAY V3\" src=\"https://file.hstatic.net/1000341630/file/kamito_everyday_v3-web.png\" style=\"margin: 0px; padding: 0px; border: 0px; max-width: 100%;\"></p><h2 style=\"margin-right: 0px; margin-bottom: 13px; margin-left: 0px; padding: 0px; font-family: Quicksand, sans-serif; font-weight: 700; color: rgb(37, 42, 43); font-size: 14px; max-width: 100%; background-color: rgb(255, 255, 255);\"><span style=\"margin: 0px; padding: 0px; max-width: 100%; font-size: 18px;\">3/ HƯỚNG DẪN BẢO QUẢN ÁO THỂ THAO PICKLEBALL KAMITO EVERYDAY V3</span></h2><p style=\"margin-right: 0px; margin-bottom: 10px; margin-left: 0px; padding: 0px; font-family: Quicksand, sans-serif; line-height: 21px; max-width: 100%; color: rgb(37, 42, 43); font-size: 14px; background-color: rgb(255, 255, 255);\"><span style=\"margin: 0px; padding: 0px; max-width: 100%; font-size: 16px;\">- Không giặt sản phẩm chung với nhiều quần áo có màu khác nhau.<br style=\"margin: 0px; padding: 0px; max-width: 100%;\">- Hạn chế ngâm áo trong nước quá lâu cùng những quần áo khác màu.<br style=\"margin: 0px; padding: 0px; max-width: 100%;\">- Hạn chế dùng thuốc tẩy hay bàn chải chà sát lên bề mặt của áo.<br style=\"margin: 0px; padding: 0px; max-width: 100%;\">- Lộn trái áo, không để nhiệt quá cao khi là (ủi) áo.</span></p><h2 style=\"margin-right: 0px; margin-bottom: 13px; margin-left: 0px; padding: 0px; font-family: Quicksand, sans-serif; font-weight: 700; color: rgb(37, 42, 43); font-size: 14px; max-width: 100%; background-color: rgb(255, 255, 255);\"><span style=\"margin: 0px; padding: 0px; max-width: 100%; font-size: 18px;\">4/ THÔNG TIN SẢN PHẨM ÁO THỂ THAO PICKLEBALL KAMITO EVERYDAY V3</span></h2><p style=\"margin-right: 0px; margin-bottom: 10px; margin-left: 0px; padding: 0px; font-family: Quicksand, sans-serif; line-height: 21px; max-width: 100%; color: rgb(37, 42, 43); font-size: 14px; background-color: rgb(255, 255, 255);\"><span style=\"margin: 0px; padding: 0px; max-width: 100%; font-size: 16px;\">- Tên sản phẩm: Áo thể thao Pickleball Kamito Everyday V3.<br style=\"margin: 0px; padding: 0px; max-width: 100%;\">- Thành phần: 95% poly và 5% spandex.<br style=\"margin: 0px; padding: 0px; max-width: 100%;\">- Thương hiệu: Kamito.</span></p><h2 style=\"margin-right: 0px; margin-bottom: 13px; margin-left: 0px; padding: 0px; font-family: Quicksand, sans-serif; font-weight: 700; color: rgb(37, 42, 43); font-size: 14px; max-width: 100%; background-color: rgb(255, 255, 255);\"><span style=\"margin: 0px; padding: 0px; max-width: 100%; font-size: 18px;\">5/ GIỚI THIỆU VỀ KAMITO</span></h2><p style=\"margin-right: 0px; margin-bottom: 10px; margin-left: 0px; padding: 0px; font-family: Quicksand, sans-serif; line-height: 21px; max-width: 100%; color: rgb(37, 42, 43); font-size: 14px; background-color: rgb(255, 255, 255);\"><span style=\"margin: 0px; padding: 0px; max-width: 100%; font-size: 16px;\">Kamito là thương hiệu thể thao Việt Nam được thành lập vào 2018, chuyên cung cấp các sản phẩm thể thao với công nghệ Nhật Bản. Kamito không chỉ mong muốn mang các công nghệ quốc tế đến khách hàng Việt Nam mà còn muốn đưa các sản phẩm Việt Nam đến thị trường toàn cầu, khẳng định giá trị và chất lượng của ngành công nghiệp thể thao đất nước.</span></p><p style=\"margin-right: 0px; margin-bottom: 10px; margin-left: 0px; padding: 0px; font-family: Quicksand, sans-serif; line-height: 21px; max-width: 100%; color: rgb(37, 42, 43); font-size: 14px; background-color: rgb(255, 255, 255);\"><span style=\"margin: 0px; padding: 0px; max-width: 100%; font-size: 16px;\">Hiện nay, Kamito sản xuất và cung cấp các dụng cụ thể thao trong các bộ môn: bóng đá, cầu lông, bóng bàn,... cùng nhiều phụ kiện, đồ thể thao khác.</span></p>', 0, 31),
(60, 'ÁO THỂ THAO KAMITO EVERYDAY V4', 350000.00, 'pp2.jpg', 999, '<h1 style=\"margin-right: 0px; margin-bottom: 13px; margin-left: 0px; padding: 0px; font-family: Quicksand, sans-serif; font-size: 36px; font-weight: 500; color: rgb(37, 42, 43); max-width: 100%; background-color: rgb(255, 255, 255);\"><span style=\"margin: 0px; padding: 0px; max-width: 100%; font-size: 24px;\"><span style=\"margin: 0px; padding: 0px; font-weight: 700; max-width: 100%;\">Áo thể thao Pickleball Kamito Everyday V4, vải cao cấp, form tôn dáng, hút ẩm cao, mát mẻ</span></span></h1><p style=\"margin-right: 0px; margin-bottom: 10px; margin-left: 0px; padding: 0px; font-family: Quicksand, sans-serif; line-height: 21px; max-width: 100%; color: rgb(37, 42, 43); font-size: 14px; background-color: rgb(255, 255, 255);\"><span style=\"margin: 0px; padding: 0px; max-width: 100%; font-size: 16px;\">Pickleball là môn thể thao kết hợp giữa tennis, bóng bàn và cầu lông, ra đời vào những năm 1960 tại Mỹ. Với lối chơi nhanh, linh hoạt và đầy kịch tính, Pickleball không chỉ thu hút người chơi ở mọi lứa tuổi mà còn trở thành môn thể thao lý tưởng để rèn luyện sức khỏe và gắn kết cộng đồng. Nhằm đáp ứng nhu cầu ngày càng cao của những người đam mê Pickleball, Kamito đã phát triển dòng sản phẩm áo thể thao Pickleball Kamito Everyday V4, mang đến sự hỗ trợ tối đa cho người mặc trong từng chuyển động trên sân.</span></p><p style=\"margin-right: 0px; margin-bottom: 10px; margin-left: 0px; padding: 0px; font-family: Quicksand, sans-serif; line-height: 21px; max-width: 100%; color: rgb(37, 42, 43); font-size: 14px; background-color: rgb(255, 255, 255);\"><span style=\"margin: 0px; padding: 0px; max-width: 100%; font-size: 16px;\">Áo thể thao Pickleball Kamito Everyday V4 sở hữu chất liệu mềm mịn, thông thoáng, họa tiết tinh tế, Kamito Everyday V4 là sự lựa chọn lý tưởng cho bạn trong mọi hoạt động từ luyện tập thể dục thể thao đến các hoạt động hằng ngày.</span></p><h2 style=\"margin-right: 0px; margin-bottom: 13px; margin-left: 0px; padding: 0px; font-family: Quicksand, sans-serif; font-weight: 700; color: rgb(37, 42, 43); font-size: 14px; max-width: 100%; background-color: rgb(255, 255, 255);\"><span style=\"margin: 0px; padding: 0px; max-width: 100%; font-size: 18px;\">1. ƯU ĐIỂM NỔI BẬT ÁO THỂ THAO PICKLEBALL KAMITO EVERYDAY V4</span></h2><p style=\"margin-right: 0px; margin-bottom: 10px; margin-left: 0px; padding: 0px; font-family: Quicksand, sans-serif; line-height: 21px; max-width: 100%; color: rgb(37, 42, 43); font-size: 14px; background-color: rgb(255, 255, 255);\"><span style=\"margin: 0px; padding: 0px; max-width: 100%; font-size: 16px;\">- Chất liệu: Áo thể thao Pickleball Kamito Everyday V4 được làm từ 100% poly cao cấp, sản phẩm mang đến sự co giãn tối ưu, giúp người mặc thoải mái và tự do trong từng chuyển động. Bề mặt vải trơn bóng không chỉ tạo cảm giác dễ chịu mà còn đảm bảo độ bền và khả năng thoát hơi tuyệt vời.</span></p><p style=\"margin-right: 0px; margin-bottom: 10px; margin-left: 0px; padding: 0px; font-family: Quicksand, sans-serif; line-height: 21px; max-width: 100%; color: rgb(37, 42, 43); font-size: 14px; background-color: rgb(255, 255, 255);\"><span style=\"margin: 0px; padding: 0px; max-width: 100%; font-size: 16px;\">- Thiết kế: Áo thể thao Pickleball Kamito Everyday V4 được thiết kế cổ polo hiện đại và kiểu dáng regular fit, phù hợp với mọi dáng người. Sản phẩm mang lại cảm giác thoải mái tối đa giúp bạn dễ dàng thực hiện các động tác linh hoạt và nhanh nhẹn trên sân đấu.</span></p><p style=\"margin-right: 0px; margin-bottom: 10px; margin-left: 0px; padding: 0px; font-family: Quicksand, sans-serif; line-height: 21px; max-width: 100%; color: rgb(37, 42, 43); font-size: 14px; background-color: rgb(255, 255, 255);\"><span style=\"margin: 0px; padding: 0px; max-width: 100%; font-size: 16px;\">- Họa tiết: Thân trước áo thể thao Pickleball Kamito Everyday V4 in họa tiết hình học, được sắp xếp một cách khéo léo để tạo sự khỏe khoắn cho người mặc. Những mảng màu sắc tươi sáng và đa dạng không chỉ giúp người mặc nổi bật trên sân mà còn thể hiện tinh thần thể thao đầy nhiệt huyết và sáng tạo.</span></p><h2 style=\"margin-right: 0px; margin-bottom: 13px; margin-left: 0px; padding: 0px; font-family: Quicksand, sans-serif; font-weight: 700; color: rgb(37, 42, 43); font-size: 14px; max-width: 100%; background-color: rgb(255, 255, 255);\"><span style=\"margin: 0px; padding: 0px; max-width: 100%; font-size: 18px;\">2/ BẢNG SIZE ÁO THỂ THAO PICKLEBALL KAMITO EVERYDAY V4</span></h2><p style=\"margin-right: 0px; margin-bottom: 10px; margin-left: 0px; padding: 0px; font-family: Quicksand, sans-serif; line-height: 21px; max-width: 100%; color: rgb(37, 42, 43); font-size: 14px; background-color: rgb(255, 255, 255);\"><span style=\"margin: 0px; padding: 0px; max-width: 100%; font-size: 16px;\">Tham khảo kích thước áo thể thao Pickleball Kamito Everyday V4.</span></p><p style=\"margin-right: 0px; margin-bottom: 10px; margin-left: 0px; padding: 0px; font-family: Quicksand, sans-serif; line-height: 21px; max-width: 100%; color: rgb(37, 42, 43); font-size: 14px; background-color: rgb(255, 255, 255);\"><span style=\"margin: 0px; padding: 0px; font-weight: 700; max-width: 100%;\"><img width=\"602\" height=\"279\" src=\"https://lh7-rt.googleusercontent.com/docsz/AD_4nXd31Cpdeqr4jKgO_oRne7YRZINOM_xf73plCWDqlS7N0bD8RZUfrDbQrxTjLCp8fd-F-BtjctesdJlm7YyaeFZvgOJZG3kQvQw56FkNEjWhNR9YLfFf3XKai6ykcYdzVcDwfHfIf_Wl02jOPKTc?key=K_ivtL31TXOE6I3JeO1l-w\" style=\"margin: 0px; padding: 0px; border: 0px; max-width: 100%; width: 1251px; height: 580px;\"></span></p><h2 style=\"margin-right: 0px; margin-bottom: 13px; margin-left: 0px; padding: 0px; font-family: Quicksand, sans-serif; font-weight: 700; color: rgb(37, 42, 43); font-size: 14px; max-width: 100%; background-color: rgb(255, 255, 255);\"><span style=\"margin: 0px; padding: 0px; max-width: 100%; font-size: 18px;\">3/ HƯỚNG DẪN BẢO QUẢN ÁO THỂ THAO PICKLEBALL KAMITO EVERYDAY V4</span></h2><p style=\"margin-right: 0px; margin-bottom: 10px; margin-left: 0px; padding: 0px; font-family: Quicksand, sans-serif; line-height: 21px; max-width: 100%; color: rgb(37, 42, 43); font-size: 14px; background-color: rgb(255, 255, 255);\"><span style=\"margin: 0px; padding: 0px; max-width: 100%; font-size: 16px;\">- Không giặt sản phẩm chung với nhiều quần áo có màu khác nhau.<br style=\"margin: 0px; padding: 0px; max-width: 100%;\">- Hạn chế ngâm áo trong nước quá lâu cùng những quần áo khác màu.<br style=\"margin: 0px; padding: 0px; max-width: 100%;\">- Hạn chế dùng thuốc tẩy hay bàn chải chà sát lên bề mặt của áo.<br style=\"margin: 0px; padding: 0px; max-width: 100%;\">- Lộn trái áo, không để nhiệt quá cao khi là (ủi) áo.</span></p><h2 style=\"margin-right: 0px; margin-bottom: 13px; margin-left: 0px; padding: 0px; font-family: Quicksand, sans-serif; font-weight: 700; color: rgb(37, 42, 43); font-size: 14px; max-width: 100%; background-color: rgb(255, 255, 255);\"><span style=\"margin: 0px; padding: 0px; max-width: 100%; font-size: 18px;\">4/ THÔNG TIN SẢN PHẨM ÁO THỂ THAO PICKLEBALL KAMITO EVERYDAY V4</span></h2><p style=\"margin-right: 0px; margin-bottom: 10px; margin-left: 0px; padding: 0px; font-family: Quicksand, sans-serif; line-height: 21px; max-width: 100%; color: rgb(37, 42, 43); font-size: 14px; background-color: rgb(255, 255, 255);\"><span style=\"margin: 0px; padding: 0px; max-width: 100%; font-size: 16px;\">- Tên sản phẩm: Áo thể thao Pickleball Kamito Everyday V4.<br style=\"margin: 0px; padding: 0px; max-width: 100%;\">- Thành phần: 100% poly cao cấp.<br style=\"margin: 0px; padding: 0px; max-width: 100%;\">- Thương hiệu: Kamito.</span></p><h2 style=\"margin-right: 0px; margin-bottom: 13px; margin-left: 0px; padding: 0px; font-family: Quicksand, sans-serif; font-weight: 700; color: rgb(37, 42, 43); font-size: 14px; max-width: 100%; background-color: rgb(255, 255, 255);\"><span style=\"margin: 0px; padding: 0px; max-width: 100%; font-size: 18px;\">5/ GIỚI THIỆU VỀ KAMITO</span></h2><p style=\"margin-right: 0px; margin-bottom: 10px; margin-left: 0px; padding: 0px; font-family: Quicksand, sans-serif; line-height: 21px; max-width: 100%; color: rgb(37, 42, 43); font-size: 14px; background-color: rgb(255, 255, 255);\"><span style=\"margin: 0px; padding: 0px; max-width: 100%; font-size: 16px;\">Kamito là thương hiệu thể thao Việt Nam được thành lập vào 2018, chuyên cung cấp các sản phẩm thể thao với công nghệ Nhật Bản. Kamito không chỉ mong muốn mang các công nghệ quốc tế đến khách hàng Việt Nam mà còn muốn đưa các sản phẩm Việt Nam đến thị trường toàn cầu, khẳng định giá trị và chất lượng của ngành công nghiệp thể thao đất nước.</span></p><p style=\"margin-right: 0px; margin-bottom: 10px; margin-left: 0px; padding: 0px; font-family: Quicksand, sans-serif; line-height: 21px; max-width: 100%; color: rgb(37, 42, 43); font-size: 14px; background-color: rgb(255, 255, 255);\"><span style=\"margin: 0px; padding: 0px; max-width: 100%; font-size: 16px;\">Hiện nay, Kamito sản xuất và cung cấp các dụng cụ thể thao trong các bộ môn: bóng đá, cầu lông, bóng bàn,... cùng nhiều phụ kiện, đồ thể thao khác.</span></p>', 0, 31),
(61, 'ÁO THI ĐẤU PICKLEBALL KAMITO PROMATCH V1', 350000.00, 'pp3.jpg', 234, '<h1 style=\"margin-right: 0px; margin-bottom: 13px; margin-left: 0px; padding: 0px; font-family: Quicksand, sans-serif; font-size: 36px; font-weight: 500; color: rgb(37, 42, 43); max-width: 100%; background-color: rgb(255, 255, 255);\"><span style=\"margin: 0px; padding: 0px; max-width: 100%; font-size: 24px;\"><span style=\"margin: 0px; padding: 0px; font-weight: 700; max-width: 100%;\">Áo thể thao Pickleball Kamito Everyday V4, vải cao cấp, form tôn dáng, hút ẩm cao, mát mẻ</span></span></h1><p style=\"margin-right: 0px; margin-bottom: 10px; margin-left: 0px; padding: 0px; font-family: Quicksand, sans-serif; line-height: 21px; max-width: 100%; color: rgb(37, 42, 43); font-size: 14px; background-color: rgb(255, 255, 255);\"><span style=\"margin: 0px; padding: 0px; max-width: 100%; font-size: 16px;\">Pickleball là môn thể thao kết hợp giữa tennis, bóng bàn và cầu lông, ra đời vào những năm 1960 tại Mỹ. Với lối chơi nhanh, linh hoạt và đầy kịch tính, Pickleball không chỉ thu hút người chơi ở mọi lứa tuổi mà còn trở thành môn thể thao lý tưởng để rèn luyện sức khỏe và gắn kết cộng đồng. Nhằm đáp ứng nhu cầu ngày càng cao của những người đam mê Pickleball, Kamito đã phát triển dòng sản phẩm áo thể thao Pickleball Kamito Everyday V4, mang đến sự hỗ trợ tối đa cho người mặc trong từng chuyển động trên sân.</span></p><p style=\"margin-right: 0px; margin-bottom: 10px; margin-left: 0px; padding: 0px; font-family: Quicksand, sans-serif; line-height: 21px; max-width: 100%; color: rgb(37, 42, 43); font-size: 14px; background-color: rgb(255, 255, 255);\"><span style=\"margin: 0px; padding: 0px; max-width: 100%; font-size: 16px;\">Áo thể thao Pickleball Kamito Everyday V4 sở hữu chất liệu mềm mịn, thông thoáng, họa tiết tinh tế, Kamito Everyday V4 là sự lựa chọn lý tưởng cho bạn trong mọi hoạt động từ luyện tập thể dục thể thao đến các hoạt động hằng ngày.</span></p><h2 style=\"margin-right: 0px; margin-bottom: 13px; margin-left: 0px; padding: 0px; font-family: Quicksand, sans-serif; font-weight: 700; color: rgb(37, 42, 43); font-size: 14px; max-width: 100%; background-color: rgb(255, 255, 255);\"><span style=\"margin: 0px; padding: 0px; max-width: 100%; font-size: 18px;\">1. ƯU ĐIỂM NỔI BẬT ÁO THỂ THAO PICKLEBALL KAMITO EVERYDAY V4</span></h2><p style=\"margin-right: 0px; margin-bottom: 10px; margin-left: 0px; padding: 0px; font-family: Quicksand, sans-serif; line-height: 21px; max-width: 100%; color: rgb(37, 42, 43); font-size: 14px; background-color: rgb(255, 255, 255);\"><span style=\"margin: 0px; padding: 0px; max-width: 100%; font-size: 16px;\">- Chất liệu: Áo thể thao Pickleball Kamito Everyday V4 được làm từ 100% poly cao cấp, sản phẩm mang đến sự co giãn tối ưu, giúp người mặc thoải mái và tự do trong từng chuyển động. Bề mặt vải trơn bóng không chỉ tạo cảm giác dễ chịu mà còn đảm bảo độ bền và khả năng thoát hơi tuyệt vời.</span></p><p style=\"margin-right: 0px; margin-bottom: 10px; margin-left: 0px; padding: 0px; font-family: Quicksand, sans-serif; line-height: 21px; max-width: 100%; color: rgb(37, 42, 43); font-size: 14px; background-color: rgb(255, 255, 255);\"><span style=\"margin: 0px; padding: 0px; max-width: 100%; font-size: 16px;\">- Thiết kế: Áo thể thao Pickleball Kamito Everyday V4 được thiết kế cổ polo hiện đại và kiểu dáng regular fit, phù hợp với mọi dáng người. Sản phẩm mang lại cảm giác thoải mái tối đa giúp bạn dễ dàng thực hiện các động tác linh hoạt và nhanh nhẹn trên sân đấu.</span></p><p style=\"margin-right: 0px; margin-bottom: 10px; margin-left: 0px; padding: 0px; font-family: Quicksand, sans-serif; line-height: 21px; max-width: 100%; color: rgb(37, 42, 43); font-size: 14px; background-color: rgb(255, 255, 255);\"><span style=\"margin: 0px; padding: 0px; max-width: 100%; font-size: 16px;\">- Họa tiết: Thân trước áo thể thao Pickleball Kamito Everyday V4 in họa tiết hình học, được sắp xếp một cách khéo léo để tạo sự khỏe khoắn cho người mặc. Những mảng màu sắc tươi sáng và đa dạng không chỉ giúp người mặc nổi bật trên sân mà còn thể hiện tinh thần thể thao đầy nhiệt huyết và sáng tạo.</span></p><h2 style=\"margin-right: 0px; margin-bottom: 13px; margin-left: 0px; padding: 0px; font-family: Quicksand, sans-serif; font-weight: 700; color: rgb(37, 42, 43); font-size: 14px; max-width: 100%; background-color: rgb(255, 255, 255);\"><span style=\"margin: 0px; padding: 0px; max-width: 100%; font-size: 18px;\">2/ BẢNG SIZE ÁO THỂ THAO PICKLEBALL KAMITO EVERYDAY V4</span></h2><p style=\"margin-right: 0px; margin-bottom: 10px; margin-left: 0px; padding: 0px; font-family: Quicksand, sans-serif; line-height: 21px; max-width: 100%; color: rgb(37, 42, 43); font-size: 14px; background-color: rgb(255, 255, 255);\"><span style=\"margin: 0px; padding: 0px; max-width: 100%; font-size: 16px;\">Tham khảo kích thước áo thể thao Pickleball Kamito Everyday V4.</span></p><p style=\"margin-right: 0px; margin-bottom: 10px; margin-left: 0px; padding: 0px; font-family: Quicksand, sans-serif; line-height: 21px; max-width: 100%; color: rgb(37, 42, 43); font-size: 14px; background-color: rgb(255, 255, 255);\"><span style=\"margin: 0px; padding: 0px; font-weight: 700; max-width: 100%;\"><img width=\"602\" height=\"279\" src=\"https://lh7-rt.googleusercontent.com/docsz/AD_4nXd31Cpdeqr4jKgO_oRne7YRZINOM_xf73plCWDqlS7N0bD8RZUfrDbQrxTjLCp8fd-F-BtjctesdJlm7YyaeFZvgOJZG3kQvQw56FkNEjWhNR9YLfFf3XKai6ykcYdzVcDwfHfIf_Wl02jOPKTc?key=K_ivtL31TXOE6I3JeO1l-w\" style=\"margin: 0px; padding: 0px; border: 0px; max-width: 100%; width: 1251px; height: 580px;\"></span></p><h2 style=\"margin-right: 0px; margin-bottom: 13px; margin-left: 0px; padding: 0px; font-family: Quicksand, sans-serif; font-weight: 700; color: rgb(37, 42, 43); font-size: 14px; max-width: 100%; background-color: rgb(255, 255, 255);\"><span style=\"margin: 0px; padding: 0px; max-width: 100%; font-size: 18px;\">3/ HƯỚNG DẪN BẢO QUẢN ÁO THỂ THAO PICKLEBALL KAMITO EVERYDAY V4</span></h2><p style=\"margin-right: 0px; margin-bottom: 10px; margin-left: 0px; padding: 0px; font-family: Quicksand, sans-serif; line-height: 21px; max-width: 100%; color: rgb(37, 42, 43); font-size: 14px; background-color: rgb(255, 255, 255);\"><span style=\"margin: 0px; padding: 0px; max-width: 100%; font-size: 16px;\">- Không giặt sản phẩm chung với nhiều quần áo có màu khác nhau.<br style=\"margin: 0px; padding: 0px; max-width: 100%;\">- Hạn chế ngâm áo trong nước quá lâu cùng những quần áo khác màu.<br style=\"margin: 0px; padding: 0px; max-width: 100%;\">- Hạn chế dùng thuốc tẩy hay bàn chải chà sát lên bề mặt của áo.<br style=\"margin: 0px; padding: 0px; max-width: 100%;\">- Lộn trái áo, không để nhiệt quá cao khi là (ủi) áo.</span></p><h2 style=\"margin-right: 0px; margin-bottom: 13px; margin-left: 0px; padding: 0px; font-family: Quicksand, sans-serif; font-weight: 700; color: rgb(37, 42, 43); font-size: 14px; max-width: 100%; background-color: rgb(255, 255, 255);\"><span style=\"margin: 0px; padding: 0px; max-width: 100%; font-size: 18px;\">4/ THÔNG TIN SẢN PHẨM ÁO THỂ THAO PICKLEBALL KAMITO EVERYDAY V4</span></h2><p style=\"margin-right: 0px; margin-bottom: 10px; margin-left: 0px; padding: 0px; font-family: Quicksand, sans-serif; line-height: 21px; max-width: 100%; color: rgb(37, 42, 43); font-size: 14px; background-color: rgb(255, 255, 255);\"><span style=\"margin: 0px; padding: 0px; max-width: 100%; font-size: 16px;\">- Tên sản phẩm: Áo thể thao Pickleball Kamito Everyday V4.<br style=\"margin: 0px; padding: 0px; max-width: 100%;\">- Thành phần: 100% poly cao cấp.<br style=\"margin: 0px; padding: 0px; max-width: 100%;\">- Thương hiệu: Kamito.</span></p><h2 style=\"margin-right: 0px; margin-bottom: 13px; margin-left: 0px; padding: 0px; font-family: Quicksand, sans-serif; font-weight: 700; color: rgb(37, 42, 43); font-size: 14px; max-width: 100%; background-color: rgb(255, 255, 255);\"><span style=\"margin: 0px; padding: 0px; max-width: 100%; font-size: 18px;\">5/ GIỚI THIỆU VỀ KAMITO</span></h2><p style=\"margin-right: 0px; margin-bottom: 10px; margin-left: 0px; padding: 0px; font-family: Quicksand, sans-serif; line-height: 21px; max-width: 100%; color: rgb(37, 42, 43); font-size: 14px; background-color: rgb(255, 255, 255);\"><span style=\"margin: 0px; padding: 0px; max-width: 100%; font-size: 16px;\">Kamito là thương hiệu thể thao Việt Nam được thành lập vào 2018, chuyên cung cấp các sản phẩm thể thao với công nghệ Nhật Bản. Kamito không chỉ mong muốn mang các công nghệ quốc tế đến khách hàng Việt Nam mà còn muốn đưa các sản phẩm Việt Nam đến thị trường toàn cầu, khẳng định giá trị và chất lượng của ngành công nghiệp thể thao đất nước.</span></p><p style=\"margin-right: 0px; margin-bottom: 10px; margin-left: 0px; padding: 0px; font-family: Quicksand, sans-serif; line-height: 21px; max-width: 100%; color: rgb(37, 42, 43); font-size: 14px; background-color: rgb(255, 255, 255);\"><span style=\"margin: 0px; padding: 0px; max-width: 100%; font-size: 16px;\">Hiện nay, Kamito sản xuất và cung cấp các dụng cụ thể thao trong các bộ môn: bóng đá, cầu lông, bóng bàn,... cùng nhiều phụ kiện, đồ thể thao khác.</span></p>', 0, 31);

-- --------------------------------------------------------

--
-- Table structure for table `taikhoan`
--

CREATE TABLE `taikhoan` (
  `id` int NOT NULL,
  `tentk` varchar(50) NOT NULL,
  `pass` varchar(999) CHARACTER SET utf8mb4 COLLATE utf8mb4_0900_ai_ci NOT NULL,
  `email` varchar(255) NOT NULL,
  `diachi` varchar(255) DEFAULT NULL,
  `sdt` varchar(20) DEFAULT NULL,
  `role` tinyint DEFAULT '0'
) ENGINE=InnoDB DEFAULT CHARSET=utf8mb4 COLLATE=utf8mb4_0900_ai_ci;

--
-- Dumping data for table `taikhoan`
--

INSERT INTO `taikhoan` (`id`, `tentk`, `pass`, `email`, `diachi`, `sdt`, `role`) VALUES
(13, 'abcddaasfda', 'c4ca4238a0b923820dcc509a6f75849b', 'vunam2372022204@gmail.com', NULL, NULL, 0),
(14, 'ducduc', 'c4ca4238a0b923820dcc509a6f75849b', 'namvdph47498@gmail.com', 'Hải Dương', '09999999', 1),
(15, 'cc', '202cb962ac59075b964b07152d234b70', 'namvdph47498cc@gmail.com', 'Hải Dương', '0332991111', 0),
(17, 'son', '202cb962ac59075b964b07152d234b70', 'nbinhson8@gmail.com', NULL, NULL, 1);

-- --------------------------------------------------------

--
-- Table structure for table `tintuc`
--

CREATE TABLE `tintuc` (
  `id_tt` int NOT NULL,
  `tieude` text,
  `mota` text,
  `img` text
) ENGINE=InnoDB DEFAULT CHARSET=utf8mb4 COLLATE=utf8mb4_0900_ai_ci;

--
-- Dumping data for table `tintuc`
--

INSERT INTO `tintuc` (`id_tt`, `tieude`, `mota`, `img`) VALUES
(6, 'KAMITO AMAZING VIỆT NAM - KHÁM PHÁ VẺ ĐẸP TỨ ĐẠI ĐỈNH ĐÈO', '<p style=\"margin-right: 0px; margin-bottom: 10px; margin-left: 0px; padding: 0px; font-family: Quicksand, sans-serif; line-height: 21px; max-width: 100%; color: rgb(37, 42, 43); font-size: 14px; background-color: rgb(255, 255, 255);\"><span style=\"margin: 0px; padding: 0px; font-weight: 700; max-width: 100%;\">Kamito Amazing Việt Nam được lấy cảm hứng từ vẻ đẹp bất tận của dải đất hình chữ S, mỗi địa danh là một bức tranh hùng vĩ. Dưới bàn tay của những người nghệ sĩ tài hoa Kamito, nét đẹp thiên nhiên được thổi hồn vào những sản phẩm có tính thẩm mỹ cao, đem đến cảm hứng khám phá vẻ đẹp đất nước cho những con người yêu thiên nhiên.</span></p><p style=\"margin-right: 0px; margin-bottom: 10px; margin-left: 0px; padding: 0px; font-family: Quicksand, sans-serif; line-height: 21px; max-width: 100%; color: rgb(37, 42, 43); font-size: 14px; background-color: rgb(255, 255, 255);\">Kamito Amazing Việt Nam khởi đầu bằng BST Tứ Đại Đỉnh Đèo tượng trưng cho 4 đỉnh đèo huyền thoại núi rừng phía Bắc: Mã Pí Lèng, Khau Phạ, Ô Quy Hồ và Pha Đin được thiết kế qua các sản phẩm giày thể thao, giày life style mang vẻ đẹp tuyệt mỹ của thiên nhiên Việt Nam.</p><p style=\"margin-right: 0px; margin-bottom: 10px; margin-left: 0px; padding: 0px; font-family: Quicksand, sans-serif; line-height: 21px; max-width: 100%; color: rgb(37, 42, 43); font-size: 14px; background-color: rgb(255, 255, 255);\">BST Tứ Đại Đỉnh Đèo mang phong cách hiện đại, thời trang và đầy năng động dễ dàng cho bạn mix match với các outfit trong tủ đồ để tự tin xuống phố hay các chuyến du lịch, đi chơi và các hoạt động khác trong cuộc sống hàng ngày.</p><p style=\"margin-right: 0px; margin-bottom: 10px; margin-left: 0px; padding: 0px; font-family: Quicksand, sans-serif; line-height: 21px; max-width: 100%; color: rgb(37, 42, 43); font-size: 14px; background-color: rgb(255, 255, 255);\">Đừng bỏ lỡ cơ hội khám phá những tuyệt tác thiên nhiên cùng Kamito Amazing Việt Nam, những bộ sưu tập mang đến niềm tự hào về thiên nhiên, đất nước và con người Việt Nam.&nbsp;</p><div><br></div>', 'tt1.jpg'),
(7, 'BÙNG NỔ THÁNG 10 – GIẢM 50% ÁO ĐẤU BECAMEX BÌNH DƯƠNG, SHB ĐÀ NẴNG VÀ TOPENLAND BÌNH ĐỊNH', '<p style=\"margin-right: 0px; margin-bottom: 10px; margin-left: 0px; padding: 0px; font-family: Quicksand, sans-serif; line-height: 21px; max-width: 100%; color: rgb(37, 42, 43); font-size: 14px; background-color: rgb(255, 255, 255); text-align: justify;\"><span style=\"margin: 0px; padding: 0px; max-width: 100%;\">Kamito hân hạnh là nhà tài trợ chính thức trang phục thi đấu cho CLB Becamex Bình Dương, CLB SHB Đà Nẵng và CLB Topenland Bình Định mùa giải 2021.</span></p><p style=\"margin-right: 0px; margin-bottom: 10px; margin-left: 0px; padding: 0px; font-family: Quicksand, sans-serif; line-height: 21px; max-width: 100%; color: rgb(37, 42, 43); font-size: 14px; background-color: rgb(255, 255, 255); text-align: justify;\"><span style=\"margin: 0px; padding: 0px; max-width: 100%;\">Thời gian vừa qua, những chiếc áo đấu của ba CLB đã được rất nhiều người hâm mộ trên cả nước ủng hộ và cho phản hồi tích cực.</span></p><p style=\"margin-right: 0px; margin-bottom: 10px; margin-left: 0px; padding: 0px; font-family: Quicksand, sans-serif; line-height: 21px; max-width: 100%; color: rgb(37, 42, 43); font-size: 14px; background-color: rgb(255, 255, 255); text-align: justify;\"><span style=\"margin: 0px; padding: 0px; max-width: 100%;\">Để cảm ơn những sự ủng hộ nhiệt thành từ người hâm mộ, từ hôm nay 01/10/2021 tới 31/10/2021, Kamito giảm 50% giá bán áo đấu các CLB Becamex Bình Dương, CLB SHB Đà Nẵng và CLB Topenland Bình Định phiên bản Fan Jersey, cụ thể:</span></p><p style=\"margin-right: 0px; margin-bottom: 10px; margin-left: 0px; padding: 0px; font-family: Quicksand, sans-serif; line-height: 21px; max-width: 100%; color: rgb(37, 42, 43); font-size: 14px; background-color: rgb(255, 255, 255); text-align: justify;\"><span style=\"margin: 0px; padding: 0px; max-width: 100%;\">&nbsp;Áo đấu CLB Becamex Bình Dương và CLB SHB Đà Nẵng: Giảm từ 370,000đ còn 185,000đ</span></p><p style=\"margin-right: 0px; margin-bottom: 10px; margin-left: 0px; padding: 0px; font-family: Quicksand, sans-serif; line-height: 21px; max-width: 100%; color: rgb(37, 42, 43); font-size: 14px; background-color: rgb(255, 255, 255); text-align: justify;\"><span style=\"margin: 0px; padding: 0px; max-width: 100%;\">Áo đấu CLB Topenland Bình Định phiên bản Fan Jersey: Giảm từ 220,000đ còn 110,000đ</span></p><p style=\"margin-right: 0px; margin-bottom: 10px; margin-left: 0px; padding: 0px; font-family: Quicksand, sans-serif; line-height: 21px; max-width: 100%; color: rgb(37, 42, 43); font-size: 14px; background-color: rgb(255, 255, 255); text-align: justify;\"><span style=\"margin: 0px; padding: 0px; max-width: 100%;\">=================================</span></p><p style=\"margin-right: 0px; margin-bottom: 10px; margin-left: 0px; padding: 0px; font-family: Quicksand, sans-serif; line-height: 21px; max-width: 100%; color: rgb(37, 42, 43); font-size: 14px; background-color: rgb(255, 255, 255); text-align: justify;\"><span style=\"margin: 0px; padding: 0px; max-width: 100%;\">&nbsp;Chiếc áo đấu Becamex Bình Dương và SHB Đà Nẵng sẽ hoàn toàn tương tự như áo các cầu thủ khi ra sân thi đấu.</span></p><p style=\"margin-right: 0px; margin-bottom: 10px; margin-left: 0px; padding: 0px; font-family: Quicksand, sans-serif; line-height: 21px; max-width: 100%; color: rgb(37, 42, 43); font-size: 14px; background-color: rgb(255, 255, 255); text-align: justify;\"><span style=\"margin: 0px; padding: 0px; max-width: 100%;\">&nbsp;Chiếc áo đấu Topenland Bình Định sẽ hoàn toàn tương tự về chất liệu như áo các cầu thủ mặc khi ra sân thi đấu và chỉ khác biệt ở công nghệ in phần tên trước ngực: phần chữ “Topenland” được in ép nhiệt nổi bật.</span></p><p style=\"margin-right: 0px; margin-bottom: 10px; margin-left: 0px; padding: 0px; font-family: Quicksand, sans-serif; line-height: 21px; max-width: 100%; color: rgb(37, 42, 43); font-size: 14px; background-color: rgb(255, 255, 255); text-align: justify;\"><span style=\"margin: 0px; padding: 0px; max-width: 100%;\">&nbsp;Tham khảo thông tin chi tiết và đặt hàng online tại:</span></p><p style=\"margin-right: 0px; margin-bottom: 10px; margin-left: 0px; padding: 0px; font-family: Quicksand, sans-serif; line-height: 21px; max-width: 100%; color: rgb(37, 42, 43); font-size: 14px; background-color: rgb(255, 255, 255); text-align: justify;\"><span style=\"margin: 0px; padding: 0px; max-width: 100%;\">&nbsp;Áo đấu CLB Becamex Bình Dương: https://kamito.vn/products/official-ao-dau-2021-becamex-binh-duong-tim</span></p><p style=\"margin-right: 0px; margin-bottom: 10px; margin-left: 0px; padding: 0px; font-family: Quicksand, sans-serif; line-height: 21px; max-width: 100%; color: rgb(37, 42, 43); font-size: 14px; background-color: rgb(255, 255, 255); text-align: justify;\"><span style=\"margin: 0px; padding: 0px; max-width: 100%;\">&nbsp;Áo đấu CLB SHB Đà Nẵng: https://kamito.vn/products/official-ao-dau-2021-shb-da-nang-cam</span></p><p style=\"margin-right: 0px; margin-bottom: 10px; margin-left: 0px; padding: 0px; font-family: Quicksand, sans-serif; line-height: 21px; max-width: 100%; color: rgb(37, 42, 43); font-size: 14px; background-color: rgb(255, 255, 255); text-align: justify;\"><span style=\"margin: 0px; padding: 0px; max-width: 100%;\">&nbsp;Áo đấu CLB Topenland Bình Định: https://kamito.vn/products/ao-fan-clb-topenland-binh-dinh</span></p>', 'tt3.jpg'),
(8, 'SP10 ĐỒNG HÀNH CÙNG BAN NHẠC BỨC TƯỜNG TRONG ALBUM MỚI \"CON ĐƯỜNG KHÔNG TÊN\"', '<p style=\"margin-right: 0px; margin-bottom: 10px; margin-left: 0px; padding: 0px; font-family: Quicksand, sans-serif; line-height: 21px; max-width: 100%; color: rgb(37, 42, 43); font-size: 14px; background-color: rgb(255, 255, 255); text-align: justify;\"><span style=\"margin: 0px; padding: 0px; max-width: 100%;\">BỨC</span><span style=\"margin: 0px; padding: 0px; max-width: 100%;\">&nbsp;TƯỜNG - ban nhạc rock nổi tiếng đã ghi dấu sâu đậm trong tâm trí biết bao fan nhạc rock hơn 2 thập kỷ qua, đã chính thức trở lại với album \"Con Đường Không Tên\".</span></p><p style=\"margin-right: 0px; margin-bottom: 10px; margin-left: 0px; padding: 0px; font-family: Quicksand, sans-serif; line-height: 21px; max-width: 100%; color: rgb(37, 42, 43); font-size: 14px; background-color: rgb(255, 255, 255); text-align: justify;\"><span style=\"margin: 0px; padding: 0px; max-width: 100%;\">\"Thời gian vẫn lặng lẽ qua, như cuốn đi tất cả, nhưng ký ức và tình yêu sẽ mãi vẹn nguyên\" - Đó là điều đẹp nhất mà Bức Tường muốn dành tặng tới các bạn yêu âm nhạc thông qua album lần này.</span></p><p style=\"margin-right: 0px; margin-bottom: 10px; margin-left: 0px; padding: 0px; font-family: Quicksand, sans-serif; line-height: 21px; max-width: 100%; color: rgb(37, 42, 43); font-size: 14px; background-color: rgb(255, 255, 255); text-align: justify;\"><span class=\"diy96o5h\" style=\"margin: 0px; padding: 0px; max-width: 100%;\">Kamito</span><span style=\"margin: 0px; padding: 0px; max-width: 100%;\">&nbsp;rất hân hạnh khi đồng hành cùng ban nhạc Bức Tường trong buổi ra mắt album với những chiếc áo T-Shirt \"Con Đường Không Tên\".</span></p><p style=\"margin-right: 0px; margin-bottom: 10px; margin-left: 0px; padding: 0px; font-family: Quicksand, sans-serif; line-height: 21px; max-width: 100%; color: rgb(37, 42, 43); font-size: 14px; background-color: rgb(255, 255, 255); text-align: justify;\"><span style=\"margin: 0px; padding: 0px; max-width: 100%;\">Không chỉ đơn thuần là một chiếc áo lưu niệm, T Shirt Con Đường Không Tên được sản xuất từ chất liệu vải Triblend cao cấp, mang tới sự nhẹ nhàng, cực kỳ thoáng mát, giúp người mặc luôn cảm thấy thoải mái dù là đi làm, đi học hay chơi thể thao.</span></p>', 'tt4.jpg');

--
-- Indexes for dumped tables
--

--
-- Indexes for table `bill`
--
ALTER TABLE `bill`
  ADD PRIMARY KEY (`id`);

--
-- Indexes for table `binhluan`
--
ALTER TABLE `binhluan`
  ADD PRIMARY KEY (`id`);

--
-- Indexes for table `danhmuc`
--
ALTER TABLE `danhmuc`
  ADD PRIMARY KEY (`id`);

--
-- Indexes for table `giohang`
--
ALTER TABLE `giohang`
  ADD PRIMARY KEY (`id`);

--
-- Indexes for table `sanpham`
--
ALTER TABLE `sanpham`
  ADD PRIMARY KEY (`id`),
  ADD KEY `lk_sp_dm` (`iddanhmuc`);

--
-- Indexes for table `taikhoan`
--
ALTER TABLE `taikhoan`
  ADD PRIMARY KEY (`id`);

--
-- Indexes for table `tintuc`
--
ALTER TABLE `tintuc`
  ADD PRIMARY KEY (`id_tt`);

--
-- AUTO_INCREMENT for dumped tables
--

--
-- AUTO_INCREMENT for table `bill`
--
ALTER TABLE `bill`
  MODIFY `id` int NOT NULL AUTO_INCREMENT, AUTO_INCREMENT=38;

--
-- AUTO_INCREMENT for table `binhluan`
--
ALTER TABLE `binhluan`
  MODIFY `id` int NOT NULL AUTO_INCREMENT, AUTO_INCREMENT=19;

--
-- AUTO_INCREMENT for table `danhmuc`
--
ALTER TABLE `danhmuc`
  MODIFY `id` int NOT NULL AUTO_INCREMENT, AUTO_INCREMENT=32;

--
-- AUTO_INCREMENT for table `giohang`
--
ALTER TABLE `giohang`
  MODIFY `id` int NOT NULL AUTO_INCREMENT, AUTO_INCREMENT=69;

--
-- AUTO_INCREMENT for table `sanpham`
--
ALTER TABLE `sanpham`
  MODIFY `id` int NOT NULL AUTO_INCREMENT, AUTO_INCREMENT=62;

--
-- AUTO_INCREMENT for table `taikhoan`
--
ALTER TABLE `taikhoan`
  MODIFY `id` int NOT NULL AUTO_INCREMENT, AUTO_INCREMENT=18;

--
-- AUTO_INCREMENT for table `tintuc`
--
ALTER TABLE `tintuc`
  MODIFY `id_tt` int NOT NULL AUTO_INCREMENT, AUTO_INCREMENT=9;

--
-- Constraints for dumped tables
--

--
-- Constraints for table `sanpham`
--
ALTER TABLE `sanpham`
  ADD CONSTRAINT `lk_sp_dm` FOREIGN KEY (`iddanhmuc`) REFERENCES `danhmuc` (`id`) ON DELETE RESTRICT ON UPDATE RESTRICT;
COMMIT;

/*!40101 SET CHARACTER_SET_CLIENT=@OLD_CHARACTER_SET_CLIENT */;
/*!40101 SET CHARACTER_SET_RESULTS=@OLD_CHARACTER_SET_RESULTS */;
/*!40101 SET COLLATION_CONNECTION=@OLD_COLLATION_CONNECTION */;
